{"properties": [
  {
    "name": "jwt.secret",
    "type": "java.lang.String",
    "description": "A description for 'jwt.secret'"
  },
  {
    "name": "poller.time",
    "type": "java.lang.String",
    "description": "A description for 'poller.time'"
  },
  {
    "name": "razorpay.apikey",
    "type": "java.lang.String",
    "description": "A description for 'razorpay.apikey'"
  },
  {
    "name": "razorpay.apiSecret",
    "type": "java.lang.String",
    "description": "A description for 'razorpay.apiSecret'"
  },
  {
    "name": "razorpay.createcontactAPI",
    "type": "java.lang.String",
    "description": "A description for 'razorpay.createcontactAPI'"
  },
  {
    "name": "value-serializer",
    "type": "java.lang.String",
    "description": "A description for 'value-serializer'"
  },
  {
    "name": "key-serializer",
    "type": "java.lang.String",
    "description": "A description for 'key-serializer'"
  },
  {
    "name": "producer",
    "type": "java.lang.String",
    "description": "A description for 'producer'"
  },
  {
    "name": "kafka",
    "type": "java.lang.String",
    "description": "A description for 'kafka'"
  }
]}